project,error_code,error_message,file_path,row,col
proj_2DPartInt,No errors,No errors,No errors,No errors,No errors
proj_42_Kocaeli_Printf,No errors,No errors,No errors,No errors,No errors
aes128_SIMD,No errors,No errors,No errors,No errors,No errors
amp,No errors,No errors,No errors,No errors,No errors
approxidate,No errors,No errors,No errors,No errors,No errors
avalanche,No errors,No errors,No errors,No errors,No errors
bhshell,No errors,No errors,No errors,No errors,No errors
bigint,No errors,No errors,No errors,No errors,No errors
bitset,No errors,No errors,No errors,No errors,No errors
blt,No errors,No errors,No errors,No errors,No errors
bostree,E0432,unresolved import `Bostree::test_tree_sanity`,bostree/src/bin/remove_bug.rs,7,5
bostree,E0432,unresolved import `Bostree::test_tree_sanity`,bostree/src/bin/remove_bug_2.rs,7,5
bostree,E0432,unresolved import `Bostree::test_tree_sanity`,bostree/src/bin/timing.rs,7,5
btree_map,No errors,No errors,No errors,No errors,No errors
c_aces,No errors,No errors,No errors,No errors,No errors
carrays,No errors,No errors,No errors,No errors,No errors
c_blind_rsa_signatures,No errors,No errors,No errors,No errors,No errors
cfsm,No errors,No errors,No errors,No errors,No errors
chtrie,No errors,No errors,No errors,No errors,No errors
CircularBuffer,No errors,No errors,No errors,No errors,No errors
cissy,No errors,No errors,No errors,No errors,No errors
cJSON,No errors,No errors,No errors,No errors,No errors
clhash,No errors,No errors,No errors,No errors,No errors
clog,No errors,No errors,No errors,No errors,No errors
coroutine,No errors,No errors,No errors,No errors,No errors
cset,No errors,No errors,No errors,No errors,No errors
c_string,No errors,No errors,No errors,No errors,No errors
csyncmers,No errors,No errors,No errors,No errors,No errors
dict,No errors,No errors,No errors,No errors,No errors
emlang,No errors,No errors,No errors,No errors,No errors
expr,No errors,No errors,No errors,No errors,No errors
FastHamming,No errors,No errors,No errors,No errors,No errors
fft,No errors,No errors,No errors,No errors,No errors
file2str,No errors,No errors,No errors,No errors,No errors
fleur,No errors,No errors,No errors,No errors,No errors
fs_c,No errors,No errors,No errors,No errors,No errors
fslib,No errors,No errors,No errors,No errors,No errors
Genetic_neural_network_for_simple_control,No errors,No errors,No errors,No errors,No errors
geofence,No errors,No errors,No errors,No errors,No errors
gfc,No errors,No errors,No errors,No errors,No errors
gorilla_paper_encode,No errors,No errors,No errors,No errors,No errors
Graph_recogniser,No errors,No errors,No errors,No errors,No errors
hamta,No errors,No errors,No errors,No errors,No errors
Holdem_Odds,No errors,No errors,No errors,No errors,No errors
hydra,No errors,No errors,No errors,No errors,No errors
impcheck,No errors,No errors,No errors,No errors,No errors
inversion_list,No errors,No errors,No errors,No errors,No errors
jccc,No errors,No errors,No errors,No errors,No errors
kairoCompiler,No errors,No errors,No errors,No errors,No errors
kd3,No errors,No errors,No errors,No errors,No errors
lambda_calculus_eval,No errors,No errors,No errors,No errors,No errors
leftpad,No errors,No errors,No errors,No errors,No errors
lib2bit,No errors,No errors,No errors,No errors,No errors
libbase122,No errors,No errors,No errors,No errors,No errors
libbeaufort,No errors,No errors,No errors,No errors,No errors
libfor,E0432,unresolved import `libfor::forLib`,libfor/src/bin/test.rs,1,5
libfor,E0432,unresolved import `libfor::for_gen`,libfor/src/bin/test.rs,2,5
libm17,No errors,No errors,No errors,No errors,No errors
libpgn,No errors,No errors,No errors,No errors,No errors
libpsbt,No errors,No errors,No errors,No errors,No errors
libqueue,No errors,No errors,No errors,No errors,No errors
libtinyfseq,No errors,No errors,No errors,No errors,No errors
libutf,,"expected one of `;` or `{`, found `/`",libutf/src/lib.rs,1,12
libvcd,No errors,No errors,No errors,No errors,No errors
libwecan,No errors,No errors,No errors,No errors,No errors
Linear_Algebra_C,No errors,No errors,No errors,No errors,No errors
ljmm,No errors,No errors,No errors,No errors,No errors
LTRE,No errors,No errors,No errors,No errors,No errors
Math_Library_in_C,No errors,No errors,No errors,No errors,No errors
matrix_multiplication,No errors,No errors,No errors,No errors,No errors
mdb,No errors,No errors,No errors,No errors,No errors
Megalania,No errors,No errors,No errors,No errors,No errors
merkle_tree_c,No errors,No errors,No errors,No errors,No errors
morton,No errors,No errors,No errors,No errors,No errors
murmurhash_c,No errors,No errors,No errors,No errors,No errors
mvptree,No errors,No errors,No errors,No errors,No errors
NandC,No errors,No errors,No errors,No errors,No errors
Phills_DHT,No errors,No errors,No errors,No errors,No errors
quadtree,No errors,No errors,No errors,No errors,No errors
razz_simulation,No errors,No errors,No errors,No errors,No errors
rbtree_lab,No errors,No errors,No errors,No errors,No errors
recordManager,No errors,No errors,No errors,No errors,No errors
rect_pack_h,No errors,No errors,No errors,No errors,No errors
Remimu,No errors,No errors,No errors,No errors,No errors
rhbloom,No errors,No errors,No errors,No errors,No errors
roaring_bitmap,No errors,No errors,No errors,No errors,No errors
rubiksolver,No errors,No errors,No errors,No errors,No errors
satc,No errors,No errors,No errors,No errors,No errors
Simple_Config,No errors,No errors,No errors,No errors,No errors
simple_lang,No errors,No errors,No errors,No errors,No errors
Simple_Sparsehash,No errors,No errors,No errors,No errors,No errors
SimpleXML,No errors,No errors,No errors,No errors,No errors
skp,No errors,No errors,No errors,No errors,No errors
SlothLang,No errors,No errors,No errors,No errors,No errors
ted,No errors,No errors,No errors,No errors,No errors
tisp,No errors,No errors,No errors,No errors,No errors
totp,No errors,No errors,No errors,No errors,No errors
ulidgen,No errors,No errors,No errors,No errors,No errors
utf8,No errors,No errors,No errors,No errors,No errors
VaultSync,No errors,No errors,No errors,No errors,No errors
vec,No errors,No errors,No errors,No errors,No errors
worsp,No errors,No errors,No errors,No errors,No errors
XOpt,No errors,No errors,No errors,No errors,No errors
